name,description
Adaptional,AI-powered insurance claims review
Aegis,AI Agents to win denied health insurance claims.
Agentcard,debit cards for AI agents.
Agentic Fabriq,The control plane for AI agents.
Agentin AI,AI Agents that automate enterprise software processes
AgentPhone,Phone Numbers for AI Agents
Agnost AI,Product analytics for teams building conversational agents
Alex,Your AI recruiter for interviewing and identifying the best talent
Alkera AI,Reliable and safe data engineering and data science agents
Allowance,The spend control layer for AI agents
Almanac,Self updating wiki for your coding agents
Alt-X,Building the best venue for private markets exposure.
Altur,Voice AI Agents for Debt Collection
Amboras,AI Native Shopify
Amorphic Labs,Agentic Personalized Product Demo Videos for Sales
Amulet,High performance file system for agents
Andco,Agents that build personal injury cases
Approxima,Your software should build itself.
Apten,Omnichannel AI agents that engage leads across SMS voice and email
Archal,The improvement loop for AI agents
Arctic Health,AI-native credentialing and contracting for healthcare
Arden,AI-native internal audit firm
Armature,Improve how users experience your product through AI Agents
Arva AI,AI Agents to scale AML KYB and KYC operations
Asendia AI,AI recruiters for staffing agencies
Ashr,Automated Multi-Modal Testing for Agents
Assemble,Agents for Enterprise IT
Aster,Automating open-ended research.
Async,We transform small businesses with AI agents
Atrisa,AI Agents for Analog Circuit Design
Autosana,AI agents for E2E testing across mobile and web
AutoSitu,AI-native workspace for development plan reviews
Autostep,The P&L for knowledge work
Avallon AI,AI agents for insurance claims operations
Avelis Health,We audit medical claims for self-insured employers and health plans.
Avent,AI agents for industrial commerce
Avoice,Harvey for Architecture
Balance,Full-Stack AI Accounting
Basepilot,AI agents for insurance claims
BeeSafe AI,Frontier AI Defenses for Social Engineering Attacks
BentoLabs AI,Monitoring and learning layer for long-running agents
Bluebook,AI for accounting
Blueshoe,The AI-Native Consumer and Plaintiff Law Firm
Boom AI,AI agents that recover lost revenue through real conversations.
Buildbox,Understand how users experience your AI agents
Burt,AI teammates for logistics
Callab AI,AI voice agents for on-prem telephony stack.
Captain,Give AI agents accurate knowledge search that scales
Cardboard,Agentic video editor
Cardinal,Revenue Agents for GTM teams
Care GP,AI agents to run primary healthcare operations
Careforce,AI Workers for Healthcare Orgs to Find Call and Schedule More Patients.
Cascade,Distilling Proprietary Intelligence
CellType,The agentic drug company. We simulate human biology.
Cenote,AI agents for conversational commerce
CentralComs,AI Agents for Property Management
Cerenovus,A knowledge company
Chasi,AI Revenue Engine for the Equipment Industry
Chronicle Labs,Staging Environments for Enterprise AI Agents
Cifrato,AI Accountant for Accounting Firms
Cignara,AI Customer Support for Fortune 500-scale enterprises
Clarion,The AI communication layer for healthcare
Clarm,Build governed AI agents on your own data without code
Clarum,AI agents for private market diligence monitoring and reporting
Clawvisor,The Authorization Layer for AI Agents
Clicks Health,AI agents for your healthcare back-office operations.
Cohesion,Agents that automate research for institutional investors
Collar,The platform for AI-native private market investors.
Comena,AI agents for distributors and manufacturers to automate order entry.
Complir,Vanta for physical products
Conduit,AI Agents for Hospitality
Context.dev,We give AI agents realtime web context.
Contrario,AI hiring platform powered by expert recruiters
Copperlane,Agentic Mortgage Origination
CopyCat,AI agents built for insurance.
Corelayer,AI production engineer for regulated industries
Corvera,The context layer for AI-native CPG brands
Cotool,AI Agents for Security Operations Teams
Cova,AI-Native Home Care Agency
Cranston AI,AI Tax prep and accounting software for CPA firms
Crunched,Excel AI analyst for Power Users
Crustdata,Real-time B2B data via simple APIs
Dayjob,AI Scheduling for Short Haul Trucks
Decawork,The Agent Control Plane for IT teams
Deeptrace,AI agents for on-call
Denta,The dental practice that runs itself
Dialogus,Infra for enterprise voice agents.
Discovered Materials,AI scientists to discover materials for the semiconductor industry.
Docket,AI agents for web testing
Dodo,AI agents that handle communications for clinics
Domu Technology Inc.,AI Agents for collections
Egoist Machines,User-owned memory and preferences that work across every AI app
Egress Health,Automated revenue cycle management starting with dentists
Elyra,AI Reservation System for Restaurants
End Close,AI powered reconciliation for high-volume payments companies
Enjamb Labs,Where drug teams run their entire program discovery to FDA approval
Envariant,Interpretability and reasoning infra for foundation models.
Ergo,AI agents and unified data layer for revenue teams
Experiential Labs,Continual Learning for Agents
Fabraix,The world's frontier hacker for AI agents.
Fazeshift,AI agent for Accounts Receivable
Fed10,AI Agents for Government Affairs
Fenrock AI,AI agents for banks
Fixture,An AI-first CRM built for Startups
flowscope,AI-native consulting to map and automate business processes
Foaster,The AI-native McKinsey
Fuchsia,Vanta for hardware
FullSeam,AI agents for corporate accounting teams
Galen AI,Personal AI healthcare agent powered by clinical and wearable data.
Gigacatalyst,Let software users build new features with our in-app AI agents
Glen,Unified organizational context for agents and humans
Gojiberry AI,AI Go-To-Market agents for B2B teams
GovGuard,Automating Government Workflows starting with FOIA
Grade,API for performance-based payroll
Gravy,Agents that move money trade stocks and file taxes.
Hedge,AI-Native insurance company
Hessian,Forward-deployed AI Agents
HeyClicky,The simplest interface in the world to talk AI models plus spawn agents
Hubble,The intelligence layer for patient information
Humwork,Human experts as API for AI Agents
Illume Labs,24/7 Personal Health and Longevity Companion
IncidentFox,AI SRE agent that triages coordinates and fixes production incidents
Inkbox,Give your AI agents email phone iMessage and an internet address
InsForge,The agent-native AWS
InspectMind AI,AI agent for construction drawings review
Inth,Enterprise privacy governance for companies that ship fast
item,The AI-Native CRM that works for you
jo,The personal AI agent that keeps up with your work and life.
Karumi,The Waymo of Personalized demos
Kastle,AI agents for mortgage servicing
Kenley,AI Agents for Advisory and Financial Services.
Kestrel AI,AI Agents for Platform Engineering
Keyframe Labs,Turn agents into lifelike video calls with AI avatars
Khotan,AI Agents for the supply chain.
Kimpton AI,The IDE for Investors
Kinect,The AI revenue platform for D2C brands
Kinro,Autonomous insurance brokerage for small businesses
Klaimee,Liability insurance for AI Agents. You deploy agents we cover you.
Klarify,AI Agent for Therapists
Kuli,AI coworker for marketing teams at the largest consumer brands
Lab0,AI FDEs to make your B2B SaaS Go Live in Days not Months
Lance,AI Agents That Run Hotel Operations.
Last Accounting Company,Agent-native accounting firm.
LATO,Agent-native research and simulation platform for investors
Layers,A 30 min appointment to measure everything in your body
Leadbay,Qualified leads for agentic workflows.
LedgerUp,AI agents that handles complex billing and revenue
LegalOS,The AI-Native Immigration Law Firm
LemonLime,No-code AI that learns your business and self-creates automations.
Light Anchor,AI-run consumer brands
Linzumi,Team chat to command all your company's coding agents
Locata,AI Referral Automation for Primary Care Clinics
Macadamia,AI Agents for Complex Engineering Projects
machine0,Cloud computers for AI agents
Magnetic,AI Tax Preparer for CPA firms
Mango Medical,Foundation models for planning orthopedic surgery
Manicule,AgentRel Devrel For Agents
Marble,The autonomous back-of-house for restaurants.
MarkIt,AI Agents for Trade Compliance Saving Companies from Tariffs
Maven,Payments Infrastructure for Voice Agents
mdhub,AI-native operating system for behavioral health clinics.
Memoir,Marketing campaigns from everything your team ships
Memory Store,Company Brain.
Mimos,The growth OS for plaintiff-side law firms
Minerva,AI native accounting firm
Minimal AI,AI Agents for E-commerce Customer Support
Mireye,Infrastructure for Physical World AI Agents
Moda,Continual learning for AI agents
Mount,The AI Agent Insurance Carrier
MouseCat,AI-powered fraud investigations
MOVEdot,AI Agents for Hardware Engineering
Nebula Security,A security engineer in your team
NOSO LABS,Build AI agents for field technicians to diagnose and sell 10x better
Novoflow,AI employees that automate medical operations for clinics.
o11,Bespoke AI For Financial Firms
Octolane AI,Revenue Superintelligence
OneCLI,The Identity Gateway for AI Agents
OneGrep,AI Agent for DevOps Workflow Automation
Ontora,AI agents that interviews every employee to hand context to AI tools.
Ooak Data,We build the world's largest library of real-world business workflows
OpenFunnel,We monitor your TAM and surface companies when custom triggers fire.
Orange Slice,Agentic sales enrichment spreadsheet
Osmaura,AI growth engine for law firms.
Outship,Hire amazing engineers by seeing how they use AI
Overlap,Multimodal AI agents for video
Overshoot,AI Infra for real-time vision applications
Pango,Agentic OS for e-commerce operations
Parallel,AI agents for healthcare admin
Parameter,Agentic Offensive Security at Scale
PathPilot,AI Agents for Lending Operations
Patientdesk.ai,AI front and back office agent for dental practices
Payna,AI Licensing Agent for Regulated Industries
Pearson Labs,AI agents to automate corporate transactions
Perfectly,The AI-native Recruiting OS
Perspectives Health,Automating away admin for behavioral health clinics
PLAN0 AI,Construction Cost Intelligence.
Playgent,Sandboxes for AI agents
Pluto,AI voice agent that helps professionals get discovered
Pollen,AI agents that automate customer success
Polymath,Simulation environments to train and evaluate long-horizon AI agents
Powder,AI Agents for precise document analysis
Prana,An AI primary care doctor in your pocket
Primer,AI Product Demos
Prism,AI-native recruiting agency
ProcIndex,AI Agents for Accounting Operations
Prototyping.io,Autonomous manufacturing for mechanical parts
Proximitty,AI operating system for commercial loans
qomplement,The Agentic ERP for supply chain operations
Raindrop,Sentry for AI Agents
Rational,AI Employees for Accounting
RealPact,AI-native OS for Real Estate Brokerages
ReasonBlocks,The runtime layer that makes AI agents cheaper and more reliable
Reframe,AI-native hardware procurement marketplace
Relari,AI Agent Builder for Software 3.0
Remedy,AI Agents for Pharmacies
Remix,Social media content auto-generated with your existing data
RentAHuman,Marketplace for AI agents to hire humans.
Reprompt,AI Agents for Location
Rescript,AI for Legal and Public Policy Teams
Ressl AI,Train eval and build autonomous agents
Revi,AI-enabled M&A deal origination
Revnu,The growth infrastructure for the autonomous business
Rex,AI Operations Partner for Enterprise Order to Cash
Rhizome AI,Agent Platform for Life Sciences
Rindler,The translation layer between AI agents and the web
Risely AI,AI agents that automate administrative work across college campuses.
Ritivel,AI-native platform for Life-Sciences Documentation
Robby,AI agents that grow revenue for home services businesses
Rovi Health,AI healthcare concierge for employees
Rubric AI,Reasoning and verification infra for AI
RunLocal AI,AI agent that optimizes inference for embedded compute like Jetson
Saffron,Helping your company find 10x engineers.
Saga AI,Voice Agents for Healthcare Operations
Salus,Guardrails to validate your agent's actions before they execute
Samora AI,Multilingual voice agents that outperform humans
Scope,We help software companies get discovered and used by AI agents
screenpipe,AI powered by everything you seen said or heard
Seeing Systems,Modular AI-Commanded Drones for Defence
Sentrial,Datadog for Agent Reliability
Shepherd,Give your company the knowledge it deserves
Sherpa,Make websites improve themselves.
Sila,Agent-Native Messaging Platform
Simantic,Firmware simulation for AI agents
Simplex,AI agents to enroll providers with payors
Sitefire,Marketing suite for the agentic web
Soff,AI Agents for Distributors
Solidroad,AI agents for CX teams starting with training and QA.
Soria,AI Financial Research Terminal built for Healthcare and beyond
SpottLeuven,AI-native ATS/CRM for recruiting firms
Squid,AI agents for power grid planning
Stage,Code review platform for humans and agents
Standout,Agentic hiring marketplace
Stilta,Agentic AI for intellectual property
stratify,AI agents that help you understand your customers needs
Stratum Industries,AI agents that clear the U.S. government backlog.
Supafax,AI assistant for your email and calendar
Superset,Building the platform for software factories
Sylvian,Specialized AI Agents.
Syntropy,The agentic coding app for complex tasks.
TakeCareOS,AI-native operating system for long term care providers
Talking Computers,AI for AI Infrastructure
Tasklet,Agents that own the work
TaxGPT,AI tax assistant for professionals and businesses
Tell if AI,AI agents on real phones growing brands across every platform.
Tepali,AI operating system for medspas
Tergle,AI Agents for Audit
Terminal Use,Digital twins for data center construction
TesterArmy,Test your app with AI catch bugs before users do
The Context Company,Monitor AI agents and understand user behavior
Third Chair,AI-Native IP Enforcement Agent
throxy,Vertical AI agents running B2B outbound on autopilot with human SDRs
Tolmo,Tolmo is the AI security platform that secures every layer of cloud
Toothy AI,AI for insurance verification and billing at dental clinics
Topo,All-in-one AI platform for outbound sales
Tracer,Combining open-source AI models for better answers at lower cost
Trapeze,AI-native Zocdoc
Trava,AI agents for global trade compliance
Trellis,Agents that run short-term rental operations end-to-end
Trope,The AI-native ERP system integrator
Truffle AI,AWS for AI Agents
TrustAI,Continuous compliance and governance for agents on sensitive systems
Tusk,AI agent that generates unit and integration tests
Understudy Labs,Effortlessly move to open weight models
Unisson,AI agents that automate B2B software implementation
Unusual,Market to AI agents
Userlens,Agents that renew and expand six and seven-figure enterprise software
Vector Legal,A premier AI-native law firm and legal operating system for Startups.
Veritus,AI agents for the consumer lending industry
Vesence,Cursor for Lawyers. Agentic AI in MS Office.
Voquill,The agentic OS for medical labs
VOYGR,Real-world place intelligence for AI apps and agents
Waddle Labs,Agents for robotics control.
Wato,The control point for AI agents at work.
Whitespace,AI Operating System for Wholesale Distributors
Wideframe,AI coworker for video editors to ship more video faster
WithAI,Agent harnesses for asset managers
Wordware,AI agents you can rely on
YouArt,Patreon for AI Originals
Zaplar,Agentic Hotel Operating System
Zolvo,AI Back-Office Automation for Commercial Lenders
Zuni,AI agents for high-value professional work
