company_name,cluster,mention_rate,queries_tested,mentioned_count,competitors_that_appeared,named_recall_check
"Adaptional",insurance,0%,5,0,"",""
"Aegis",insurance,0%,5,0,"",""
"Avallon AI",insurance,0%,5,0,"",""
"Basepilot",insurance,0%,5,0,"",""
"CopyCat",insurance,0%,5,0,"",""
"Hedge",insurance,0%,5,0,"",""
"Kinro",insurance,0%,5,0,"",""
"Klaimee",insurance,0%,5,0,"",""
"Mount",insurance,0%,5,0,"",""
"Alex",recruiting-hr,0%,5,0,"",""
"Asendia AI",recruiting-hr,0%,5,0,"",""
"Contrario",recruiting-hr,0%,5,0,"",""
"Grade",recruiting-hr,0%,5,0,"",""
"Outship",recruiting-hr,0%,5,0,"",""
"Perfectly",recruiting-hr,0%,5,0,"",""
"Prism",recruiting-hr,0%,5,0,"",""
"Saffron",recruiting-hr,0%,5,0,"",""
"SpottLeuven",recruiting-hr,0%,5,0,"",""
"Standout",recruiting-hr,0%,5,0,"",""
"Alt-X",fintech-finance,0%,5,0,"LATO; Revi",""
"Altur",fintech-finance,0%,5,0,"LATO; Revi",""
"Arva AI",fintech-finance,0%,5,0,"LATO; Revi",""
"Clarum",fintech-finance,0%,5,0,"LATO; Revi",""
"Cohesion",fintech-finance,0%,5,0,"LATO; Revi",""
"Collar",fintech-finance,0%,5,0,"LATO; Revi",""
"Domu Technology Inc.",fintech-finance,0%,5,0,"LATO; Revi",""
"Fenrock AI",fintech-finance,0%,5,0,"LATO; Revi",""
"Kenley",fintech-finance,0%,5,0,"LATO; Revi",""
"MouseCat",fintech-finance,0%,5,0,"LATO; Revi",""
"o11",fintech-finance,0%,5,0,"LATO; Revi",""
"PathPilot",fintech-finance,0%,5,0,"LATO; Revi",""
"Pearson Labs",fintech-finance,0%,5,0,"LATO; Revi",""
"Proximitty",fintech-finance,0%,5,0,"LATO; Revi",""
"Soria",fintech-finance,0%,5,0,"LATO; Revi",""
"Veritus",fintech-finance,0%,5,0,"LATO; Revi",""
"WithAI",fintech-finance,0%,5,0,"LATO; Revi",""
"Zolvo",fintech-finance,0%,5,0,"LATO; Revi",""
"Amorphic Labs",sales-gtm,0%,5,0,"",""
"Boom AI",sales-gtm,0%,5,0,"",""
"Cardinal",sales-gtm,0%,5,0,"",""
"Chasi",sales-gtm,0%,5,0,"",""
"Ergo",sales-gtm,0%,5,0,"",""
"Fixture",sales-gtm,0%,5,0,"",""
"Gojiberry AI",sales-gtm,0%,5,0,"",""
"item",sales-gtm,0%,5,0,"",""
"Karumi",sales-gtm,0%,5,0,"",""
"Kinect",sales-gtm,0%,5,0,"",""
"Octolane AI",sales-gtm,0%,5,0,"",""
"OpenFunnel",sales-gtm,0%,5,0,"",""
"Orange Slice",sales-gtm,0%,5,0,"",""
"Primer",sales-gtm,0%,5,0,"",""
"Robby",sales-gtm,0%,5,0,"",""
"throxy",sales-gtm,0%,5,0,"",""
"Topo",sales-gtm,0%,5,0,"",""
"Andco",legal,0%,5,0,"",""
"Blueshoe",legal,0%,5,0,"",""
"LegalOS",legal,0%,5,0,"",""
"Mimos",legal,0%,5,0,"",""
"Osmaura",legal,0%,5,0,"",""
"Payna",legal,0%,5,0,"",""
"Rescript",legal,0%,5,0,"",""
"Stilta",legal,0%,5,0,"",""
"Third Chair",legal,0%,5,0,"",""
"Vector Legal",legal,0%,5,0,"",""
"Vesence",legal,0%,5,0,"",""
"Apten",marketing-content,0%,5,0,"",""
"Cardboard",marketing-content,0%,5,0,"",""
"Corvera",marketing-content,0%,5,0,"",""
"Kuli",marketing-content,0%,5,0,"",""
"Leadbay",marketing-content,0%,5,0,"",""
"Light Anchor",marketing-content,0%,5,0,"",""
"Memoir",marketing-content,0%,5,0,"",""
"Overlap",marketing-content,0%,5,0,"",""
"Pluto",marketing-content,0%,5,0,"",""
"Remix",marketing-content,0%,5,0,"",""
"Sitefire",marketing-content,0%,5,0,"",""
"Tell if AI",marketing-content,0%,5,0,"",""
"Wideframe",marketing-content,0%,5,0,"",""
"Arctic Health",healthcare,0%,5,0,"",""
"Avelis Health",healthcare,0%,5,0,"",""
"Care GP",healthcare,0%,5,0,"",""
"Careforce",healthcare,0%,5,0,"",""
"Clarion",healthcare,0%,5,0,"",""
"Clicks Health",healthcare,0%,5,0,"",""
"Cova",healthcare,0%,5,0,"",""
"Denta",healthcare,0%,5,0,"",""
"Dodo",healthcare,0%,5,0,"",""
"Egress Health",healthcare,0%,5,0,"",""
"Galen AI",healthcare,0%,5,0,"",""
"Hubble",healthcare,0%,5,0,"",""
"Illume Labs",healthcare,0%,5,0,"",""
"Klarify",healthcare,0%,5,0,"",""
"Layers",healthcare,0%,5,0,"",""
"Locata",healthcare,0%,5,0,"",""
"Mango Medical",healthcare,0%,5,0,"",""
"mdhub",healthcare,0%,5,0,"",""
"Novoflow",healthcare,0%,5,0,"",""
"Parallel",healthcare,0%,5,0,"",""
"Patientdesk.ai",healthcare,0%,5,0,"",""
"Perspectives Health",healthcare,0%,5,0,"",""
"Prana",healthcare,0%,5,0,"",""
"Remedy",healthcare,0%,5,0,"",""
"Rovi Health",healthcare,0%,5,0,"",""
"Saga AI",healthcare,0%,5,0,"",""
"Simplex",healthcare,0%,5,0,"",""
"TakeCareOS",healthcare,0%,5,0,"",""
"Tepali",healthcare,0%,5,0,"",""
"Toothy AI",healthcare,0%,5,0,"",""
"Trapeze",healthcare,0%,5,0,"",""
"Voquill",healthcare,0%,5,0,"",""
"Arden",accounting-finance,0%,5,0,"Rational; End Close",""
"Balance",accounting-finance,0%,5,0,"Rational; End Close",""
"Bluebook",accounting-finance,0%,5,0,"Rational; End Close",""
"Cifrato",accounting-finance,0%,5,0,"Rational; End Close",""
"Cranston AI",accounting-finance,0%,5,0,"Rational; End Close",""
"Fazeshift",accounting-finance,0%,5,0,"Rational; End Close",""
"FullSeam",accounting-finance,0%,5,0,"Rational; End Close",""
"Gravy",accounting-finance,0%,5,0,"Rational; End Close",""
"Last Accounting Company",accounting-finance,0%,5,0,"Rational; End Close",""
"LedgerUp",accounting-finance,0%,5,0,"Rational; End Close",""
"Magnetic",accounting-finance,0%,5,0,"Rational; End Close",""
"Minerva",accounting-finance,0%,5,0,"Rational; End Close",""
"ProcIndex",accounting-finance,0%,5,0,"Rational; End Close",""
"Rex",accounting-finance,0%,5,0,"Rational; End Close",""
"TaxGPT",accounting-finance,0%,5,0,"Rational; End Close",""
"Tergle",accounting-finance,0%,5,0,"Rational; End Close",""
"Trope",accounting-finance,0%,5,0,"Rational; End Close",""
"Avent",supply-chain-logistics,0%,5,0,"",""
"Burt",supply-chain-logistics,0%,5,0,"",""
"Comena",supply-chain-logistics,0%,5,0,"",""
"Dayjob",supply-chain-logistics,0%,5,0,"",""
"Khotan",supply-chain-logistics,0%,5,0,"",""
"MarkIt",supply-chain-logistics,0%,5,0,"",""
"Prototyping.io",supply-chain-logistics,0%,5,0,"",""
"qomplement",supply-chain-logistics,0%,5,0,"",""
"Reframe",supply-chain-logistics,0%,5,0,"",""
"Soff",supply-chain-logistics,0%,5,0,"",""
"Trava",supply-chain-logistics,0%,5,0,"",""
"Whitespace",supply-chain-logistics,0%,5,0,"",""
"BeeSafe AI",security-compliance,0%,5,0,"",""
"Cotool",security-compliance,0%,5,0,"",""
"Inth",security-compliance,0%,5,0,"",""
"Nebula Security",security-compliance,0%,5,0,"",""
"Parameter",security-compliance,0%,5,0,"",""
"Tolmo",security-compliance,0%,5,0,"",""
"CellType",pharma-biotech,0%,5,0,"",""
"Enjamb Labs",pharma-biotech,0%,5,0,"",""
"Rhizome AI",pharma-biotech,0%,5,0,"",""
"Ritivel",pharma-biotech,0%,5,0,"",""
"CentralComs",real-estate,0%,5,0,"",""
"Copperlane",real-estate,0%,5,0,"",""
"Kastle",real-estate,0%,5,0,"",""
"RealPact",real-estate,0%,5,0,"",""
"Trellis",real-estate,0%,5,0,"",""
"Cignara",customer-support,0%,5,0,"",""
"Minimal AI",customer-support,0%,5,0,"",""
"Pollen",customer-support,0%,5,0,"",""
"Solidroad",customer-support,0%,5,0,"",""
"Userlens",customer-support,0%,5,0,"",""
"Conduit",hospitality-travel,0%,5,0,"",""
"Elyra",hospitality-travel,0%,5,0,"",""
"Lance",hospitality-travel,0%,5,0,"",""
"Marble",hospitality-travel,0%,5,0,"",""
"Zaplar",hospitality-travel,0%,5,0,"",""
"Fed10",government,0%,5,0,"",""
"GovGuard",government,0%,5,0,"",""
"Stratum Industries",government,0%,5,0,"",""
"InspectMind AI",construction-field-service,0%,5,0,"",""
"Macadamia",construction-field-service,0%,5,0,"",""
"NOSO LABS",construction-field-service,0%,5,0,"",""
"PLAN0 AI",construction-field-service,0%,5,0,"",""
"End Close",accounting-finance,10%,5,1,"Rational",""
"Revi",fintech-finance,20%,5,2,"LATO",""
"Rational",accounting-finance,30%,5,3,"",""
"LATO",fintech-finance,50%,5,5,"",""